연 번,관리기관,설치연도,설치구간,연장(m)
1,종로구,2023,명륜길(명륜길 74 ~ 명륜9길 1),160
2,종로구,2023,사직로1길(행촌동 174-5 ~ 171-35),75
3,종로구,2023,사직로1다길(행촌동 201-172 ~ 171-120),95
4,종로구,2023,평창길(평창동 435-2 ~ 평창동 448),150
5,종로구,2023,평창30길(평창동 66-28 ~ 464-14),210
6,종로구,2023,홍지문길(구기동 54-13 ~ 40-1),190
7,종로구,2023,백석동길(창의문로 132 ~ 백석동길 12-1),105
8,종로구,2023,창덕궁길(창덕궁길 190 ~ 창덕궁5길 40),355
9,종로구,2023,율곡로19길(율곡로19길 24 ~ 율곡로 19길 68-2),175
10,종로구,2023,홍지문길(홍지문길 2 ~ 홍지문2길 2),130
11,종로구,2023,평창20길(평창동 148-16 ~ 평창동 139-5),130
12,종로구,2024,성균관로 13길(국제고 일대(명륜1가 7-69 ~ 명륜3가 1-1003),275
13,종로구,2024,명륜10길(명륜9길 3-2 ~ 명륜10길 16),80
14,종로구,2024,동망산길(숭인동 7-8 ~ 숭인동 24-3),200
15,종로구,2024,홍지문길(홍지문2길 2 ~ 구기동 41-4),550
16,종로구,2024,평창21길(평창문화로 99 ~ 평창21길 9-14),200
17,종로구,2024,평창길(평창길 52 ~ 평창문화로 33),530
18,종로구,2024,평창4길(평창4길 1 ~ 평창4길 9-1),100
19,중구,2020,중림로 2-1 ~ 중림로4길 32(중림로4길),182
20,중구,2020,"퇴계로6가길32 ~ 소월로 39-1(퇴계로2길, 퇴계로6가길)",128
21,중구,2020,다산로36길 100(다산로36길),305
22,중구,2020,퇴계로68길 24-1 ~ 신당동229-56(장충단로10길),67
23,중구,2022,"필동로8길 16 ~ 필동로8가길 56(필동로8길, 필동로8가길)",330
24,중구,2022,퇴계로6길 27 ~ 47(퇴계로6길),120
25,중구,2022,동호로15길 40~130-2(동호로15길),40
26,중구,2022,동호로11나길 81 ~ 동호로11나길 60(동호로11나길),140
27,중구,2022,동호로17길 133 ~ 동호로17길 131-18(동호로17길),65
28,중구,2022,퇴계로88다길 37~ 다산로36가길 38(다산로36가길),42
29,중구,2023,퇴계로90길 73~퇴계로88가길 48-26(퇴계로90길),100
30,중구,2023,동호로5길 19~다산로 32(동호로5길),150
31,중구,2023,동호로25가길 21 ~ 동호로25길 46(동호로25가길),200
32,중구,2023,동호로25가길 3 ~ 9(동호로25가길),50
33,중구,2023,만리재로21길 9 ~ 13(만리재로21길),60
34,중구,2023,동호로11라길 33 ~ 47(동호로11라길),70
35,중구,2023,동호로17길 65 ~ 동호로17가길 18(동호로17길),123
36,중구,2023,동호로11마길 24 ~ 동호로11자길 33(동호로11마길),200
37,중구,2023,중림로2길 3 ~ 31(중림로2길),170
38,중구,2023,만리재로37길 43 ~ 64(만리재로37길),130
39,중구,2023,필동로8길 63 ~ 61-7(필동로8길),65
40,중구,2023,난계로 130(난계로10길),105
41,중구,2023,동호로17다길 2 ~ 2-13(동호로17다길),80
42,중구,2023,동호로17다길 12 ~ 2-13(동호로17다길),70
43,중구,2023,동호로15길 103 ~ 97-42(동호로15길),128
44,중구,2023,동호로11바길 23 ~ 33(동호로11바길),40
45,중구,2023,동호로17가길 2 ~ 18(동호로17가길),92
46,중구,2023,동호로8길 17 ~ 50(동호로8길),150
47,중구,2023,다산로 58 ~ 다산로4길 10(다산로4길),60
48,중구,2023,다산로44길 95 ~ 119(다산로44길),140
49,중구,2023,소공로6가길 2 ~ 29(소공로6가길),140
50,중구,2023,동호로5길(상부),155
51,용산구,2023,대사관로 12길 4-8 ~ 이태원로 222,470
52,용산구,2023,소월로 20길 6~12,130
53,용산구,2023,회나무로 90 ~ 회나무로 44길 2,100
54,용산구,2024,신흥로1차(신흥로93~123),555
55,용산구,2024,효창원로86가길(효창원로86가길26~33),120
56,용산구,2024,신흥로2차(신흥로56~87),660
57,용산구,2024,효창원로(220~228),300
58,용산구,2024,장문로(서빙고로417~장문로141),200
59,용산구,2024,한남동812(독서당로101~103),180
60,용산구,2024,신흥로3가길(신흥로5길69~신흥로3가길 38),230
61,용산구,2024,효창원로 15길(효창원로15길 42 ~ 효창원로 35,435
62,용산구,2024,소월로38길(소월로38길 30~4),324
63,용산구,2024,독서당로29길(독서당로129~독서당로29길5-6),225
64,용산구,2024,한남대로20길(독서당로89),44
65,용산구,2024,두텁바위로5길(두텁바위로5길9~26),90
66,용산구,2024,백범로45길(백범로45길5~8),40
67,용산구,2024,효창원로104길(효창원로266~104가길1`,64
68,용산구,2024,효창원로86라길(효창원로86길 67~86라길14),70
69,용산구,2024,회나무로21길1~회나무로41길 5,860
70,용산구,2024,효창원로154~효창원로72길20,80
71,용산구,2024,장문로66-1~60,110
72,용산구,2024,삼개로(청암동187~산천동202),660
73,용산구,2024,녹사평대로46길 46~92,390
74,용산구,2024,산천동 200 ~ 6-82,345
75,성동구,2018,금호산길 30~40,160
76,성동구,2018,"옥수초 정문 앞
(금호로1길 27)",5
77,성동구,2020,"금북초 후문 통학로
(난계로 61-19 ~ 난계로 63)",40
78,성동구,2020,"응봉초 통학로
(독서당로 384 ~ 독서당로62길 10)",95
79,성동구,2021,금호산길 10-1~40,310
80,성동구,2021,"금호자이1차 @
(금호로 111 ~ 금호로 117)",220
81,성동구,2021,"동산초 통학로
(매봉18길 109 ~금호동2가 1-4)",250
82,성동구,2021,"금옥초 통학로
(독서당로 251-24 ~ 독서당로 253)",150
83,성동구,2021,"응봉초 통학로
(독서당로 384 ~ 독서당로62길 14)",105
84,성동구,2021,"옥수교회 주변
(독서당로 227)",135
85,성동구,2021,"옥정중 통학로
(독서당로 168 ~ 한림말길 20)",190
86,성동구,2021,"옥수종합복지관 앞
(한림말길 16-5)",30
87,성동구,2022,"금호삼성@ ~ 벽산@ 사이도로
(금호동1가 634 ~ 독서당로55길 25-2)",320
88,성동구,2022,"금호2·3가 주민센터
(금호로 141-1 ~ 금호산14길 7-1)",100
89,성동구,2022,독서당로59다길 6 ~ 독서당로59길 84,340
90,성동구,2022,하왕십리동 1050-2 ~ 왕십리로31길 16,165
91,성동구,2022,"왕십리 자이 @ ~ 풍림아이원 @ 사이 도로
(난계로 100 ~ 하왕십리동 1062)",270
92,성동구,2022,"옥정초 통학로
(독서당로 224 ~ 한림말3길 10)",195
93,성동구,2022,"옥수 한남하이츠 빌라
(독서당로39길 34 ~ 48)",150
94,성동구,2022,"동호초 통학로
(매봉길 49-35 ~ 매봉길 50)",265
95,성동구,2023,"금북초 후문 통학로
(행당로1길 13 ~ 난계로 63)",80
96,성동구,2023,"신금호두산의브 @ 앞
(행당로 27)",40
97,성동구,2023,"금호자이2차 @ 경사지
(금호동3가 701 ~ 장터5가길 36)
(금호산8길 5 ~ 무수막길 59)",350
98,성동구,2023,"금호중앙교회 옆 도로
(금호동2가 산 9-1 ~ 금호로13길 20)",130
99,성동구,2023,"서울숲 르씨엘아파트
(독서당로46길 35 ~ 금호로1길 27)",160
100,성동구,2023,"금옥초교 앞
(독서당로 257 ~ 매봉길 2)",165
101,성동구,2023,"옥수초교 앞
(금호로1길 27 ~ 38)",160
102,성동구,2023,"독서당로59나길 39 ~ 독서당로59길 45, 독서당로63길 39 ~ 독서당로59길 29-2",500
103,성동구,2023,응봉파출소 ~ 청우빌라(독서당로 373 ~ 독서당로59길 25-4),350
104,성동구,2023,"한양부속중학교 후문 ~ 사근동 주민센터
(마조로42 ~ 사근동길 43)",230
105,성동구,2023,"행현초교 앞
(행당로 95 ~ 왕십리로21길 57)",270
106,성동구,2023,두산 아파트~ 한진타운아파트 사이 도로(행당동6길 97 ~ 행당로6길 74),240
107,성동구,2023,신성교회 앞 고갯길(행당로8길 36 ~ 행당로8길 41-2),80
108,성동구,2023,"상왕십리역 ~ 무학한신 @
(왕십리로31나길 23 ~ 왕십리로31가길 22)",130
109,성동구,2023,"왕십리 풍림아이원 앞 경사지
(난계로 84 ~ 무학봉길 46-26)",370
110,성동구,2023,"(한진해모로~한신무학 @ 사이 도로)
하왕십리동 1050-2 ~ 왕십리로31길 16",80
111,성동구,2023,"동호초교 앞
(매봉길 49-35 ~ 매봉길 50)",250
112,성동구,2023,"옥정초교 앞
(한림말3길 14 ~ 독서당로 222)",200
113,성동구,2023,"옥정초교 앞 도로
(독서당로 218 ~ 한림말길 41-5)",130
114,성동구,2024,금호로 176-1 ~ 금호로16길 6,61
115,성동구,2024,"동산초 통학로
(매봉18길 109 ~금호동2가 1-4)",210
116,성동구,2024,금호산8길 13 ~ 무수막길 59,70
117,성동구,2024,"무수막18길 1 ~ 금호로 141-1
(금호동2가 1212 ~ 1212)",50
118,성동구,2024,독서당로63길 63 ~ 독서당로57가길 24,100
119,성동구,2024,마조로42 ~ 사근동길 43,460
120,성동구,2024,행당로 75,40
121,성동구,2024,행당동 344,350
122,성동구,2024,왕십리로31길 20,50
123,성동구,2024,난계로 100,330
124,성동구,2024,동호로 99 ~ 매봉길 16,295
125,광진구,2022,구의동 34-8 ~ 81-3,278
126,광진구,2022,구의동 23-26 ~ 23-30,76
127,광진구,2022,중곡동 176-1,76
128,광진구,2022,중곡3동 194-19 ~ 608-6,160
129,광진구,2022,아차산로78길 90,140
130,광진구,2022,아차산로78가길 17,140
131,광진구,2023,중곡동 176-144 ~ 176-42,229
132,광진구,2023,중곡동 297-6 ~ 176-110,348
133,광진구,2023,중곡동 289-2 ~ 287-2,187
134,광진구,2023,중곡동 289-10 ~ 294-1,237
135,광진구,2023,중곡동 21-11 ~ 271-1,260
136,광진구,2023,구의동 143-1 ~ 21-32,170
137,광진구,2023,구의동 556-6 ~ 549-3,210
138,광진구,2023,구의동 558-11 ~ 551-2,220
139,광진구,2023,구의동 22-34 ~ 22-27,50
140,광진구,2023,구의동 549-3 ~ 중곡동 104-11,70
141,광진구,2024,중곡동 70-12 ~ 69-5,67
142,광진구,2024,중곡동 168-1 ~ 169-11,60
143,광진구,2024,중곡동 605-1 ~ 599-2,170
144,광진구,2024,중곡동 36-2 ~ 35-2,30
145,광진구,2024,구의동 43-11 ~ 36-20,90
146,광진구,2024,구의동 77-47 ~ 614-3,60
147,광진구,2024,자양동 609-17 ~ 609-16,30
148,광진구,2024,자양동 659-20 ~ 659-32,40
149,광진구,2024,자양동 610 ~ 611-5,25
150,광진구,2024,능동 320-56 ~ 320-58,50
151,광진구,2024,광장동 121 ~ 148-4,150
152,광진구,2024,광장동 244-24 ~ 241-1,40
153,광진구,2024,구의동 57-30 ~ 57-120,55
154,광진구,2024,중곡동 71 ~ 72-10,50
155,광진구,2024,화양동 132-34 ~ 132-63,30
156,광진구,2024,구의동 662 ~ 23-29,30
157,광진구,2024,중곡동 150-323 ~ 150-300,60
158,광진구,2024,구의동 254-36 ~ 254-44,70
159,동대문구,2022,청량리동 206-19,160
160,동대문구,2022,전농동 42-4 ~ 3-89,450
161,동대문구,2023,청량리동 11-5,20
162,동대문구,2023,제기동 146-41 ~ 158-7,60
163,동대문구,2023,휘경동 43-230 ~ 203,30
164,동대문구,2023,휘경동 369,40
165,동대문구,2023,답십리동 75-24,15
166,동대문구,2023,답십리동 294-129 ~ 483-1,240
167,동대문구,2023,전농동 204-108 ~ 196-5,30
168,동대문구,2023,답십리동 990 ~ 4-73,270
169,동대문구,2023,전농동 산32-20 ~ 43-5,100
170,동대문구,2023,이문동 264-375 ~ 264-248,200
171,동대문구,2023,이문동 264-377 ~ 264-355,100
172,중랑구,2021,"용마공원로10가길 7~17, 용마공원로 36-29~38",125
173,중랑구,2021,상봉로16길(망우동 521-6~521-32),100
174,중랑구,2022,면목로56길 85~사가정로 357,40
175,중랑구,2022,면목로54길 81~사가정로 349,40
176,중랑구,2022,면목로 327(버스정류장),10
177,중랑구,2022,사가정로 387(버스정류장),10
178,중랑구,2022,면목로22길 14~답십리로87길 17,100
179,중랑구,2022,면목로30길 13~33,100
180,중랑구,2022,용마산로40길 28~8,130
181,중랑구,2022,"용마산로45길 48~60, 용마산로45길 16~24",150
182,중랑구,2022,용마산로99길 9~봉우재로64길 65,70
183,중랑구,2022,봉우재로64길 59~용마산로101길 19,130
184,중랑구,2023,겸재로48길 31~겸재로42길 42,100
185,중랑구,2023,용마산로94길 84~64-120,80
186,중랑구,2023,면목로30나길 17~면목로34길 28,70
187,중랑구,2023,봉우재로58길 44~26,110
188,중랑구,2023,면목로22길 32~답십리로87길 12,55
189,중랑구,2023,사가정로72길 26~용마산로62길 43,150
190,중랑구,2023,봉우재로71길 74~79-3,90
191,중랑구,2023,동일로126가길 11,50
192,중랑구,2023,동일로140길 88~동일로144길 84,200
193,중랑구,2023,상봉중앙로8길 27~35,40
194,중랑구,2024,망우로91길(망우동 산 56-1),230
195,중랑구,2024,봉우재로65길 30 ~ 45,90
196,중랑구,2024,봉우재로65길 8 ~ 봉우재로 221,60
197,중랑구,2024,용마산로 329 ~ 면목로44바길 2,80
198,중랑구,2024,용마산로 304 ~ 용마산로58길 50,230
199,중랑구,2024,용마산로118길 119 ~ 125,60
200,중랑구,2024,용마산로 388 ~ 용마산로86길 9-14,110
201,중랑구,2024,봉화산로 153 ~ 봉화산로45길 9-31,140
202,성북구,2016,성북로4길 21 ~ 성북로 12,15
203,성북구,2018,보국문로 160 ~ 솔샘로25가길 8,310
204,성북구,2018,동소문로28길∼26마길 59,80
205,성북구,2019,길음로15가길 3 ~ 길음로 103,256
206,성북구,2019,장위로 4 ~ 장위로 31,280
207,성북구,2019,장위로15길 94-1 ~ 장위로15길 113,130
208,성북구,2020,오패산로16가길 99 ~ 오패산로16가길 76,159
209,성북구,2020,장위로10길 2 ~ 장위로10길 28,112
210,성북구,2020,오패산로16길 37 ~ 오패산로 69,323
211,성북구,2020,보국문로28길 10 ~ 보국문로28길 32,217
212,성북구,2020,서경로 153 ~ 보국문로16길 98,277
213,성북구,2020,보국문로14길 9 ~ 보국문로16길 2,67
214,성북구,2020,정릉로9나길 30-6 ~ 정릉로9길 48,85
215,성북구,2020,정릉로10길 114 ~ 북악산로 537-14,412
216,성북구,2020,북악산로 762-12 ~ 아리랑로5길 147,75
217,성북구,2020,동소문로34길 24 ~ 정릉로 364,268
218,성북구,2020,화랑로18길 59-4 ~ 화랑로18길 74,45
219,성북구,2021,성북로4길 52-1 ~ 아리랑로5길 25,60
220,성북구,2021,북악산로 825 ~ 북악산로 825-44,170
221,성북구,2021,정릉로 236 ~ 정릉로24길 58,300
222,성북구,2021,정릉로12길 12 ~ 정릉로12길 44-5,200
223,성북구,2021,길음로 142,200
224,성북구,2021,아리랑로12길 3 ~ 아리랑로16길 20,150
225,성북구,2021,아리랑로6가길 30 ~ 아리랑로6나길 11,50
226,성북구,2021,정릉로52길 46 ~ 정릉로52길 14,250
227,성북구,2021,종암로21길 127 ~ 종암로25길 30,250
228,성북구,2021,종암로23길 52 ~ 종암로25길 14,180
229,성북구,2021,장위로6길 2 ~ 장위로10길 24-22,110
230,성북구,2022,성북로4길 21 ~ 성북로8길 71,343
231,성북구,2022,동부센트레빌 ~ 개운초교,256
232,성북구,2022,동소문로3길 54 ~ 성북로2길 47,90
233,성북구,2022,동소문로32길 4 ~ 북악산로 902,90
234,성북구,2022,길음로15가길 3 ~ 길음로15가길 53,270
235,성북구,2022,성북로4길 177,116
236,성북구,2022,북악산로 809 ~ 아리랑로18길 27,120
237,성북구,2022,석관동 10-1 ~ 석계교,50
238,성북구,2022,길음동 918-3 ~ 길음동 1289-4,50
239,성북구,2023,보문사길 86 ~ 보문사길 120,193
240,성북구,2023,아리랑로5길 24 ~ 아리랑로2길 58,180
241,성북구,2023,보문로29다길 31 ~ 보문로20다길 31,240
242,성북구,2023,길음로9길 74 ~ 길음로9길 50,170
243,성북구,2023,북악산로1길 26-23 ~ 북악산로1길 140,140
244,성북구,2023,정릉로42길 20 ~ 북악산로 851,250
245,성북구,2023,보문사길 29 ~ 지봉로 172,55
246,성북구,2023,동소문로15길 100 ~ 동소문로13나길 115,80
247,성북구,2023,정릉로10길 107 ~ 정릉로10길 82,170
248,성북구,2023,종암로23길 17 ~ 종암로23길 52,170
249,성북구,2023,성북로14가길 4 ~ 성북로14가길 17,90
250,성북구,2023,정릉로12길 44-1 ~ 정릉로10가길 32,40
251,성북구,2024,보국문로32길 29 ~ 보국문로32길 68,210
252,성북구,2024,보문로34다길 49 ~ 보문로34다길 48-29,95
253,성북구,2024,정릉동 232 ~ 정릉동 239-14,100
254,성북구,2024,장월로3길 1 ~ 장월로3길 42,185
255,성북구,2024,길음동 1286-4 ~ 길음로 33,195
256,성북구,2024,정릉로44길 7 ~ 정릉로44길 19,170
257,성북구,2024,정릉로10다길 3 ~ 정릉로10다길 49,300
258,성북구,2024,보문로22길 36 ~ 고려대로 40,300
259,성북구,2024,정릉로44길 37 ~ 동소문로34길 24,430
260,강북구,2017,"노해로35길 113(교량, 쌍문414앞교)",26
261,강북구,2019,도봉로34길 58 ~오패산로52길 38,350
262,강북구,2019,솔매로 2~24,250
263,강북구,2019,"노해로35길 61(교량, 계성교)",36
264,강북구,2020,삼양로41가길 15~42,90
265,강북구,2021,인수봉로 40 ~ 인수봉로12길 63,335
266,강북구,2021,솔매로 24 ~ 38,130
267,강북구,2022,솔매로 147~ 154,90
268,강북구,2022,도봉로34길 66,20
269,강북구,2022,오패산로 271~257,180
270,강북구,2022,덕릉로 134~130,220
271,강북구,2022,오현로 35~오현로9길 45,250
272,강북구,2022,삼양로19길 206~154,285
273,강북구,2024,도봉로76길 66~덕릉로40다길 9,250
274,강북구,2024,삼양로19길 154~55,450
275,강북구,2024,인수봉로23가길 10~56,260
276,강북구,2024,"솔샘터널 상단 회차구간(일방통행 1차로, 마을버스 통행구간)",300
277,강북구,2024,삼양로63가길 3,70
278,도봉구,2019,도봉로117길(둥근달어린이공원),20
279,도봉구,2019,도동봉로113길(쌍문시장 입구),50
280,도봉구,2019,노해로44길(쌍문3동 주민센터),30
281,도봉구,2020,노해로44길 40~46,36
282,도봉구,2020,노해로48길 29~33,42
283,도봉구,2020,도봉로109길 91~92,48
284,도봉구,2020,노해로 195~노해로49길 10,32
285,도봉구,2020,덕릉로60길 135~135-13,66
286,도봉구,2020,해등로3길 85~창동 산107-223,69
287,도봉구,2021,우이천로48길 63,37
288,도봉구,2021,우이천로38라길 4~25,130
289,도봉구,2021,덕릉로60길 109-64~109-58,65
290,도봉구,2021,노해로 267,18
291,도봉구,2021,우이천로38길 25~100,473
292,도봉구,2022,노해로217~노해로49길 68,150
293,도봉구,2022,도봉로121길 28~60,185
294,도봉구,2022,우이천로38길 88 ~ 우이천로38마길 34,190
295,도봉구,2022,노해로49길 26-3 ~ 52,150
296,도봉구,2022,우이천로38라길 25-4~54,150
297,도봉구,2022,노해로45길 17~26 (쌍문동 둘리뮤지엄 일대),290
298,도봉구,2023,우이천로38나길 61~38,150
299,도봉구,2023,우이천로38라길 14 ~ 우이천로32길 65,160
300,도봉구,2023,노해로44길 35~59,90
301,도봉구,2023,노해로45길 48~우이천로32길 98,120
302,도봉구,2023,노해로45길 38~노해로45길 38-24,130
303,도봉구,2023,쌍문동 산67-4~쌍문동 산83-24,280
304,도봉구,2023,도봉로127길 15 ~ 43-10,200
305,도봉구,2023,노해로57길 20 ~ 노해로227,105
306,도봉구,2023,노해로46길 71 주변,26
307,도봉구,2023,덕릉로62길 26 ~ 덕릉로 268,124
308,도봉구,2023,노해로41가길 17 주변,110
309,도봉구,2023,노해로221 ~ 노해로57길 11,120
310,도봉구,2023,노해로 198 ~ 노해로48길 39,63
311,도봉구,2023,도봉산4길 28-3 주변,110
312,도봉구,2023,덕릉로63가길 43 주변,125
313,도봉구,2024,노해로40길 11 ~ 노해로 156,80
314,도봉구,2024,해등로 3길 63,200
315,노원구,2021,노원구 월계동 950-2~월계동 666-10,240
316,노원구,2022,노원구 중계동 129-2,150
317,노원구,2022,노원구 상계동 1270,120
318,노원구,2022,노원구 상계동 1000-7,60
319,노원구,2022,노원구 월계역 2번출구,30
320,노원구,2024,노원구 수락산로,195
321,노원구,2024,노원구 염불사,635
322,노원구,2024,노원구 상계동 1274-1275,230
323,노원구,2024,노원구 월계동 429-4 ~429-9,150
324,노원구,2024,월계동 411-47 ~ 428-2,160
325,은평구,"2014(상행)/
2021(하행)",신사동 192-1~신사동 222-4,670
326,은평구,2022,홍익아파트~형진아파트,120
327,은평구,2022,응암동 240-1~응암동 241-69,225
328,은평구,2022,현대홈타운 104동~현대홈타운 106동,300
329,은평구,2022,응암2동주민센터~백련산로4길 25,335
330,은평구,2023,불광동 635-4~불광동 637-5,669
331,은평구,2023,응암동 334-35~응암동 648,360
332,은평구,2024,녹번동 19-46~녹번동 283,734
333,은평구,2024,녹번동 53-35~녹번동 283,640
334,서대문구,2023,연세로2마길 33일대,135
335,서대문구,2023,세검정로4길 91~151 (개미마을 일대),290
336,서대문구,2017,모래내로438~ 모래내로24길 23(고은초교 맞은편 일대),203
337,서대문구,2019,통일로 348(서부수도사업소),100
338,서대문구,2017,연희로41길 135~167,200
339,서대문구,2018,연희로 11마길 49~75(연희 궁동공원),140
340,서대문구,2019,백련사길(가좌로2길 50~홍은동 산 23-1),155
341,서대문구,2020,정원여자중학교 일대(홍은동 265-286),400
342,서대문구,2019,홍은동 466(논골작은도서관),30
343,서대문구,2020,연희로 39나길22~연희로39길54(홍은동 제2공영주차장),65
344,서대문구,2020,이화여대 8길2~10,65
345,서대문구,2021,수색로 8길 80~62(북가좌초등학교),78
346,서대문구,2021,홍은중앙로 168~133-2,420
347,서대문구,2022,"정원단지 일대(연희로39길 12~연희로331, 연희로39길 28~55, 연희로39길 89~75)",300
348,서대문구,2020,"연희로 32길 20,연희로36길 26~32(대림아파트, 구의회 앞)",620
349,서대문구,2020,"명지길 33~모래내로 299,홍은중앙로 124-1, 홍은중앙로 174~181",352
350,서대문구,2022,"북아현로25길 30~ 23길 25, 북아현로 1나길 22",430
351,서대문구,2022,"명지길 143~명지2길 45, 명지2길56, 세검정로4길 32~92",480
352,서대문구,2023,"연희로 246~연희로32길 129, 북가좌동 360-2, 증가로28길",380
353,서대문구,2023,통일로39길 일대 외 1개소,370
354,서대문구,2023,"모래내로28길, 통일로28나길",200
355,서대문구,2023,경기대로9길,270
356,서대문구,2023,통일로19길,145
357,서대문구,2023,"명지대3길,증가로12가길(연가초),홍연2길",400
358,서대문구,2023,"연세로4길일대,문화촌길 일대",656
359,서대문구,2023,외국어학교 진입로,185
360,서대문구,2023,"서대문12번 마을버스노선, 연희로2길(마스터필딩옆)",455
361,서대문구,2023,"홍제삼성래미안apt후문,홍제역3번출구,연희로41다길",275
362,서대문구,2023,"포방터길, 연세로4길81~신촌역로43",352
363,마포구,2022,"서강로16길, 18길, 20길(노고산동 109-118 외 2개소)",75
364,마포구,2022,마포대로11길(마포대로11길 84),135
365,마포구,2022,독막로(독막로 109-111),110
366,마포구,2022,"효창목4길(효창목4길 3 ~ 23, 효창목길 18 ~ 30)",260
367,마포구,2022,마포대로24길(아현동 605-3~378-53),130
368,마포구,2023,와우산로30길(와우산로30길 3 ~ 36),135
369,마포구,2023,고산길(고산길136~160),130
370,마포구,2023,성암로7길(성암로7길28),40
371,마포구,2023,"신촌로20길, 고산2길(노고산동31-39~12-64)",160
372,마포구,2023,"신촌로26길, 고산2길(대흥동811~노고산동4-72)",145
373,마포구,2023,신수로(신수동97-28~91-15),120
374,마포구,2023,월드컵북로30길(성산동144-6~147-5),85
375,마포구,2023,숭문6길(숭문6길22~백범로25길84),80
376,마포구,2023,신수로(신수로25-30 일대),45
377,마포구,2023,환일길 일대(아현동762~762-9),140
378,마포구,2023,마포대로4가길(마포대로8~마포대로4나길50),65
379,마포구,2023,삼개로(삼개로33),230
380,마포구,2023,마포대로7길(공덕동 342-30 ~ 328-1),100
381,마포구,2023,큰우물로2길(용강동 502-1),197
382,마포구,2023,환일길(만리재로 133 ~ 환일길 64),130
383,마포구,2023,백범로25길(백범로25길 99),105
384,마포구,2024,월드컵북로43길(월드컵북로43길 11 ~ 32),140
385,마포구,2024,토정로11길(토정로11길 19 ~ 39),100
386,마포구,2024,대흥로24길(염리동 10-132 ~ 10-28),150
387,마포구,2024,백범로25길(백범로25길 45 ~ 마포대로11길 118),170
388,마포구,2024,새창로8길(도화동 357-2),230
389,마포구,2024,손기정로(손기정로 32 ~ 56),110
390,마포구,2024,독막로28길(독막로28길 7),60
391,양천구,2023,목동중앙로3길 32 ~ 30-19,90
392,양천구,2023,목동중앙본로 17 ~ 목동중앙로5길 41,145
393,양천구,2023,목동중앙로5길 49 ~ 목동중앙본로 27,143
394,양천구,2023,목동중앙서로11길 11 ~ 32,110
395,양천구,2023,목동중앙본로27길 35 ~ 목동중앙북로8길 94,300
396,양천구,2024,지양로 131 ~ 지양로17길 24,200
397,양천구,2024,목동남로4길 10 ~ 6-46,470
398,양천구,2024,목동중앙본로2길 28-41 ~ 목동중앙본로18길 82,120
399,양천구,2024,신정로13길 20 ~ 51,470
400,양천구,2024,오목로 170 ~ 중앙로48길 47,100
401,양천구,2024,목동중앙북로 132 ~ 목동중앙로13나길 20,200
402,양천구,2024,목동중앙북로184길4 ~ 목동중앙북로98,60
403,양천구,2024,중앙로29길 110 ~ 신정동 1237 ,50
404,양천구,2024,중앙로25길 21 ~ 중앙로25길 28,50
405,양천구,2024,오목로38길 5 ~ 은행정로13길 10,70
406,양천구,2024, 남부순환로 370 ~ 남부순환로54길 5,80
407,양천구,2024,남부순환로 326 ~ 가로공원로61길 20-1,70
408,양천구,2024,남부순환로 308 ~ 남부순환로30길 3 ,120
409,강서구,2022,금낭화로 167(방화개화아파트 주변),160
410,강서구,2022,우현로 26(우장산SK뷰아파트 주변),100
411,강서구,2022,공항대로61길(염창초등학교 주변),100
412,강서구,2022,등촌로13아길(신성빌라 주변),115
413,강서구,2023,화곡로58길 86,300
414,강서구,2023,초록마을로 128(태창아파트),200
415,강서구,2023,곰달래로35길 163,120
416,강서구,2023,곰달래로35길 135,150
417,강서구,2023,강서로12길 39(신정초교),200
418,강서구,2023,강서로18아길 33(안골공원 주변),180
419,강서구,2023,초록마을로34길 55(까치산공원 주변),150
420,강서구,2024,초록마을로 71,120
421,강서구,2024,까치산로4길 72,110
422,구로구,2022,개봉동 336-9~개봉동 339-10,180
423,구로구,2021,고척동 산8 ~ 고척동 234-24,411
424,구로구,2023,고척동 160-2 주변,260
425,구로구,2023,고척로45길 42-3 주변,125
426,구로구,2023,가리봉동 131-43 주변,100
427,구로구,2023,온수동 7-5 주변,280
428,구로구,2023,천왕동 14-113 주변,240
429,구로구,2024,오류동 118-6(경인로 6길),220
430,구로구,2024,고척동 98-78 ~ 고척동 98-25,140
431,구로구,2023,구로동 1282 주변,180
432,구로구,2025,남구로역 주변 구로동로18길 외 3,710
433,금천구,2021,금하로 시흥2동주민센터~벽산5단지아파트 입구,1300
434,금천구,2022,시흥동 268-35~268-3,65
435,금천구,2022,시흥동 1010-11,320
436,금천구,2022,시흥동 산138-6,280
437,금천구,2022,독산동 917-7,250
438,금천구,2022,독산동182-2~독산동 181-133(오르막),85
439,금천구,2022,독산동182-2~독산동 181-133(내리막),85
440,금천구,2023,독산동 887-9~독산동 234-84,360
441,금천구,2023,시흥동 937-26~시흥동 936-10,380
442,금천구,2024,독산동 1006-69~독산동 1006-65,90
443,금천구,2024,독산동 1006-170~독산동 1006-204,70
444,금천구,2024,독산동 1006-96~독산동 1006-108,100
445,금천구,2024,독산동 970-50~독산동970,50
446,금천구,2024,시흥동 807~시흥동 806,210
447,금천구,2024,시흥동 703-1,620
448,금천구,2024,독산동 160-5~독산동 161-2,50
449,금천구,2024,독산동 165-11~독산동 164-1,70
450,영등포구,2023,영신로 9길,580
451,영등포구,2023,도영로 80,160
452,영등포구,2023,대림로 136~디지털로69길 13,260
453,영등포구,2024,도영로 22길 31,240
454,영등포구,2024,영신로9나길,90
455,영등포구,2024,신길로42길 1,174
456,영등포구,2024,가마산로 79길,126
457,영등포구,2024,여의대방로 45길 12,100
458,동작구,2021,성대로11가길 21 ~ 성대로 117,122
459,동작구,2021,국사봉1길 203 ~ 성대로6가길 152,100
460,동작구,2021,국사봉1길 235-11 ~ 235-14,50
461,동작구,2021,사당로 90,50
462,동작구,2022,신상도지하차도(상부도로),405
463,동작구,2022,만양로 41 ~ 26,150
464,동작구,2022,롯데캐슬골든포레아파트 113동 ~ 상현중 후문,380
465,동작구,2022,남부순환로 269길 44 ~ 79,210
466,동작구,2022,사당로 193 ~ 양지공원,100
467,동작구,2022,국사봉2라길 3 ~ 국사봉2마길 5,70
468,동작구,2022,만양로8길 60 ~ 만양로12길 53,209
469,동작구,2022,등용로 37 래미안아파트,130
470,동작구,2022,갑을명가2차아파트 201동 ~ 상도3동 마을공원,100
471,동작구,2022,성대로12길 30 ~ 성대로12길 57,170
472,동작구,2022,성대로29길 79 ~ 성대로21길 62,85
473,동작구,2022,흑석로9길 35 ~ 노량진로26길 65,320
474,동작구,2022,동작대로35길 74 ~ 동작대로35아길 7,70
475,동작구,2022,사당로14길 58 ~ 사당로16마길 44,75
476,동작구,2022,사당로2가길 23 ~ 103,228
477,동작구,2022,신대방로16가길 22 ~ 35,80
478,동작구,2023,성대로 96 ~ 성대로16길 21,195
479,동작구,2023,양녕로28길 35 ~ 양녕로22바길 74,165
480,동작구,2023,대방로2길 44 ~ 대방로6길 7,180
481,동작구,2023,사당로22나길 34 ~ 70,150
482,동작구,2023,사당로2라길 63 ~ 사당로2길 40,200
483,동작구,2023,노량진로32길 15 ~ 55,230
484,동작구,2023,만양로 79 ~ 만양로13길 38,320
485,동작구,2023,상도로38길 8 ~ 24,85
486,동작구,2023,상도로15길 55 ~ 등용로 37,190
487,동작구,2023,남부순환로259길 11 ~ 남부순환로255나길 12,115
488,동작구,2023,사당로8길 45 ~ 69,115
489,동작구,2023,흑석로13마길 1 ~ 흑석로13길 36,175
490,동작구,2023,사당로 56 ~ 사당로2길 2-19,100
491,동작구,2023,사당로14길 22 ~ 32,120
492,동작구,2023,흑석로5길 1-2 ~ 12,45
493,동작구,2023,상도로47바길 35 ~ 상도로47사길 4,70
494,동작구,2023,국사봉1라길 4 ~ 성대로6가길 144,72
495,동작구,2023,성대로6가길 141 ~ 성대로6사길 27-2,84
496,동작구,2023,사당로20라길 34 ~ 남부순환로269길 125,56
497,동작구,2023,사당로14길 48 ~ 사당로16라길 11,68
498,동작구,2023,사당로 165 ~ 169,70
499,동작구,2023,사당로29다길 83 ~ 사당로29길 85,40
500,동작구,2023,사당로23나길 30 ~ 사당로29길 90,35
501,동작구,2023,사당로13길 58 ~ 97,130
502,동작구,2023,흑석로 12 ~ 27,140
503,동작구,2023,신대방16가길 22 ~ 신대방14길 23,88
504,동작구,2024,상도로50길 34 ~ 상도동 415-1,240
505,동작구,2024,만양로11길 2 ~ 22,120
506,동작구,2024,노량진로14길 43 ~ 55,70
507,동작구,2024,국사봉8길 18 ~ 국사봉2바길 3,72
508,동작구,2024,양녕로28길 25 ~ 양녕로30길 19-4,130
509,동작구,2024,성대로21나길 2 ~ 성대로21길 59,40
510,관악구,2022,쑥고개로3 ~ 쑥고개로21,500
511,관악구,2022,"대학길 103 ~ 대학길 163
대학길 74 ~ 대학길 103
대학길 127 ~ 대학20길 27",690
512,관악구,2022,인헌6길23 ~ 낙성대역16길 3,70
513,관악구,2022,국회단지길 70 ~ 국회단지길 124,560
514,관악구,2022,난곡로26길 89 ~ 신림동 배수지,340
515,관악구,2022,복은길 87 ~ 복은길 132,210
516,관악구,2022,서림길 53 ~ 복은길 39,75
517,관악구,2023,신림로 253-1 ~ 서원10길 2,190
518,관악구,2023,인헌길 167 ~ 인헌16길 15,320
519,관악구,2023,봉천로 297 ~ 봉천로21길 21,105
520,관악구,2023,난향5길 35 ~ 난향5길 43,60
521,관악구,2023,관악로 268 ~ 청림길 8-1,180
522,관악구,2023,"국회단지2길 29-5 ~ 국회단지8길 12
국회단지4길 33 ~ 국회단지6길 26
국회단지4길 11 ~ 국회단지6길 10",290
523,관악구,2024,양녕로1길 48 ~ 봉천로 387,210
524,관악구,2024,솔밭로7길1~솔밭로7길16,300
525,관악구,2024,승방길6 ~ 승방길 42,220
526,관악구,2024,신림동배수지~광신길177,500
527,관악구,2024,법원단지21길2 ~ 법원단지길157,250
528,관악구,2024,문성로246 ~ 문성로38길 67,350
529,관악구,2024,"대학18길 6 ~ 51, 대학길 106 ~ 대학16길 22",385
530,관악구,2024,신림로48길 28 ~ 신림로48길 56,175
531,관악구,2024,남부순환로1678 ~ 남부순환로200가길 22,75
532,관악구,2024,양녕로 29 ~ 양녕로5길 11,170
533,관악구,2024,낙성대역8길 2 ~ 낙성대역8길 50,180
534,관악구,2024,관악로 248 ~ 관악로30길 19 ,880
535,관악구,2024,남현길 58 ~ 남부순환로256길 60,285
536,관악구,2024,인헌16길 47 ~ 인헌16길 35,70
537,관악구,2024,관악로28길 22 ~ 행운9길 34,355
538,관악구,2024,관악로 97 ~ 관악11길 11,480
539,관악구,2024,봉천동 1712-11,160
540,관악구,2024,쑥고개로112 ~ 청룡15길 35,285
541,관악구,2024,대학14길 52 ~ 대학14길 90,235
542,관악구,2024,남현8길3 ~ 남현길 141,330
543,서초구,2019,"남부순환로(양재동11-13 앞, 보도)",25
544,서초구,2020,서운로(서초동 1344-14)보도,9
545,서초구,2020,서운로(서초동 1359)보도,9
546,서초구,2021,서초대로65길(서초동 1680-5~1685),420
547,서초구,2021,서초대로53길(서초동 1698-2),62
548,서초구,2021,사평대로53길(반포동 719-1~726-23),100
549,서초구,2021,사평대로55길(반포동 720 ~ 725-5),210
550,서초구,2021,효령로33길(방배동 906-16 ~ 167-4),137
551,서초구,2021,명달로1길 51(방배동 998),85
552,서초구,2022,명달로1길(방배동 1006-1 ~ 999),240
553,서초구,2022,효령로20길(방배동 980-59 ~ 979-44),400
554,서초구,2022,윈터길(원지동 380-2 ~ 377-3),157
555,서초구,2022,서초대로64길(서초동1635-6~1679-1),280
556,서초구,2022,명달로(방배동 1002-5~1007-4),445
557,서초구,2023,고무래로(서초동 1684),380
558,서초구,2023,서초대로64길(서초동 1635-6~1636-1),190
559,서초구,2023,방배로18길(방배동 167-4~905-1),240
560,서초구,2023,사임당로17길(서초동 1642-33),100
561,서초구,2023,도구로(방배동 980-56~971-8),420
562,서초구,2023,방배로20길(방배동 329~902-5),290
563,서초구,2024,서래로(반포동 97-8~98-5),220
564,서초구,2024,원명초교 앞(서초4동 1685-1),180
565,서초구,2024,신반포로47길(잠원동 39-10~38-16),70
566,강남구,2021,강남대로 146길(강남대로 590 ~ 강남대로 146길 9),70
567,강남구,2021,논현로 145길(논현로 145길 62 ~ 논현로 145길 46),180
568,강남구,2021,남부순환로 355길 (남부순환로 355길 33 ~ 남부순환로 355길 29),55
569,강남구,2021,도곡로 2길(도곡로 2길 25 ~ 도곡로 2길 33),80
570,강남구,2021,봉은사로 11길(봉은사로 131 ~ 강남대로 118길 66),100
571,강남구,2021,"논현로 105길, 봉은사로 10길(봉은사로 120)",150
572,강남구,2021,압구정로 71길(압구정로 71길 20 ~ 선릉로 190길 64),130
573,강남구,2021,봉은사로 109길(영동대로 118길 75 ~ 봉은사로 109길 66),75
574,강남구,2022,봉은사로 7길(봉은사로 129 ~ 봉은사로 7길 13),100
575,강남구,2022,언주로 136길(언주로 136길 7 ~ 13),60
576,강남구,2022,선릉로 120길(선릉로 126길 22 ~ 선릉로 120길 34),105
577,강남구,2022,학동로 73길(학동로 431),50
578,강남구,2022,강남대로 100길(강남대로 438 ~ 봉은사로 18길 76),130
579,강남구,2022,도곡로 83길(도곡로 83길 8 ~ 삼성로 64길 32),30
580,강남구,2022,언주로 116길(언주로 116길 26 ~ 봉은사로 43길 39),155
581,강남구,2022,선릉로 120길(봉은사로 57길 59 ~ 선릉로 120길 24),100
582,강남구,2022,학동로 45길(학동로 317 ~ 학동로 45길 7),60
583,강남구,2022,도산대로 96길(도산대로 96길 39 ~ 도산대로 92길 26),200
584,강남구,2022,영동대로 65길(영동대로 65길 16 ~ 도곡로 93길 12),100
585,강남구,2022,광평로 42길(광평로 238 ~ 광평로42길 20),130
586,강남구,2022,테헤란로 44길(테헤란로 44길 7 ~ 선릉로 85길 27),100
587,강남구,2022,영동대로 128길(영동대로128길 56 ~ 영동대로122길 45),90
588,강남구,2022,학동로 46길(학동로 320 ~ 언주로130길 35),60
589,강남구,2022,도곡로 28길(도곡로 216),50
590,강남구,2022,강남대로 102길(강남대로 106길 29 ~ 봉은사로 16길 23),260
591,강남구,2022,테헤란로 5길(테헤란로 5길 49 ~ 강남대로 98길 27),130
592,강남구,2022,봉은사로 25길(논현로 641 ~ 논현로 123길 19),170
593,강남구,2023,봉은사로 18길(봉은사로 146 ~ 봉은사로 18길 4),55
594,강남구,2023,테헤란로 13길(테헤란로 131),45
595,강남구,2023,역삼로 52길(영동근린공원 앞(역삼동 755-7)),30
596,강남구,2023,언주로 85길(언주로 85길 24 ~ 테헤란로 38길 12),50
597,강남구,2023,삼성로 147길(도산대로 66길 43 ~ 삼성로 147길 36),285
598,강남구,2023,도산대로 8길(도산대로 122 ~ 강남대로 146길 28),205
599,강남구,2023,강남대로 140길(강남대로 584 ~ 학동로 3길 39),120
600,강남구,2023,영동대로 141길(영동대로 141길 14 ~ 영동대로 735),120
601,강남구,2023,삼성로 112길(삼성로 612 ~ 삼성로 112길 19),150
602,강남구,2023,영동대로 118길(영동대로 118길 43 ~ 영동대로 128길 32-11),145
603,강남구,2023,봉은사로 25길(논현로 117길 8 ~ 논현로 119길 5),90
604,강남구,2023,논현로 135길(논현로 713 ~ 도산대로 26길 55),60
605,강남구,2023,논현로 123길(논현로 653 ~ 논현로 123길 8),60
606,강남구,2023,언주로 126길(언주로 634 ~ 학동로 42길 34),70
607,강남구,2023,학동로 30길(학동로 30길 18 ~ 학동로 30길 33),130
608,강남구,2023,도산대로 92길(삼성로 742 ~ 740),100
609,강남구,2023,삼성로 147길(도산대로 70길 43 ~ 도산대로 70길 25),60
610,강남구,2023,압구정로 75길(압구정로 75길 40 ~ 선릉로 190길 84),55
611,강남구,2023,선릉로 130길(선릉로 130길 33),35
612,강남구,2023,테헤란로 68길(테헤란로 416),40
613,강남구,2023,봉은사로 18길(강남대로 110길 57 ~ 봉은사로 18길 31),100
614,강남구,2023,논현로 105길(봉은사로 134 ~ 봉은사로 16길 16),80
615,강남구,2023,논현로 97길(논현로 97길 14 ~ 논현로 529),100
616,강남구,2023,테헤란로 19길(논현로 99길 29 ~ 논현로 97길 29),60
617,강남구,2023,강남대로 42길(남부순환로 351길 8 ~ 강남대로 42길 11),30
618,강남구,2023,영동대로 65길(도곡로 93길 23(르엘아파트 101동 앞)),65
619,강남구,2023,선릉로 ~ 도곡로(도곡로 404(한티역 4번 출구 주변)),30
620,강남구,2024,학동로 18길(학동로 18길 67 ~ 학동로 18길 69),50
621,강남구,2024,선릉로 133길(학동로 47길 20 ~ 선릉로 133길 16),100
622,강남구,2024,도산대로 72길(도산대로 70길 23 ~ 도산대로 72길 36),40
623,강남구,2024,선릉로 108길(선릉로 108길 65 ~ 봉은사로 68길 8),70
624,강남구,2024,헌릉로 622길(헌릉로 622길 10 ~ 헌릉로 618길 7),30
625,강남구,2024,도산대로 23길(도산대로 163 ~ 도산대로 23길 8),70
626,강남구,2024,자곡로(자곡로 100 ~ 자곡로 101),90
627,강남구,2024,봉은사로 7길(논현동 196 옆 계단),40
628,강남구,2024,봉은사로 21길(논현동 206 ~ 193-18),140
629,송파구,2022,거마로 11~거마로 27,160
630,송파구,2022,동남로20길 27~동남로20길 50,210
631,송파구,2023,거여동 696-5,70
632,송파구,2023,거마로 31~거마로 47,157
633,송파구,2023,동남로207~중대로20길 47,180
634,송파구,2024,거마로 11~거마로 45-3,309
635,송파구,2024,가락동 513-1,300
636,송파구,2024,잠실동 141~잠실동 142,200
637,송파구,2024,동남로13길 21~동남로9길 33,185
638,강동구,2022,천호동 121-32 ~ 천호동143-8,130
639,강동구,2022,상일동 166~상일동 산 42,150
640,강동구,2022,상일동 산 42-1~상일동 267,170
641,강동구,2022,천중로 111~ 천호동 217-19,230
642,강동구,2023,"명일역 주변(양재대로 145길, 양재대로 143길, 양재대로 141길)",345
643,강동구,2023,둔촌동 46-7~둔촌동622 ,200
644,강동구,2023,천호동 195-21~천호동 196-1 ,60
645,강동구,2023,천호동 121-83~천호동 121-82 ,20
646,강동구,2023,성내동 218-17~성내동 212-2 ,120
647,강동구,2023,암사동 458-1~암사동 458-12(신암중 맞은편),85
648,강동구,2023,길동 38-9(신명초교 정문 앞),90
649,강동구,2023,암사동 457-1~암사동 473(강동구립암사도서관 주변),250
650,강동구,2023,길동 99-3~길동 157-10 ,100
651,강동구,2024,구천면로 68가길(성덕여중 앞),124
652,강동구,2024,길동 42 앞,120
653,강동구,2024,고덕동 294-1　~　고덕동294-5,128
